{"num_qubits": 4, "num_circuit": 4, "num_generation": 10, "current_generation": 1, "fitnessss": [[0.7307692307692307, 0.7692307692307693, 0.7307692307692307, 0.8461538461538461]], "best_fitnesss": [0.8461538461538461], "prob_mutate": 0.01, "num_cnot": 3, "depth": 6, "num_rx": 1, "num_ry": 1, "num_rz": 2}