{"num_qubits": 4, "num_circuit": 4, "num_generation": 2, "current_generation": 2, "fitnessss": [[0.8076923076923077, 0.9230769230769231, 0.7692307692307693, 0.5384615384615384, 0.9230769230769231, 0.6923076923076923, 0.8846153846153846, 0.5769230769230769], [0.8076923076923077, 0.9230769230769231, 0.7692307692307693, 0.5384615384615384, 0.9230769230769231, 0.6923076923076923, 0.8846153846153846, 0.5769230769230769]], "best_fitnesss": [0.9230769230769231, 0.9230769230769231], "prob_mutate": 0.01, "num_cnot": 3, "depth": 4, "num_rx": 1, "num_ry": 1, "num_rz": 2}