{"num_qubits": 4, "num_circuit": 8, "num_generation": 10, "current_generation": 1, "fitnessss": [[0.8461538461538461, 0.6923076923076923, 0.8461538461538461, 0.8461538461538461, 0.8846153846153846, 0.8461538461538461, 0.6153846153846154, 0.9230769230769231]], "best_fitnesss": [0.9230769230769231], "prob_mutate": 0.01, "num_cnot": 3, "depth": 4, "num_rx": 1, "num_ry": 1, "num_rz": 2}