{"num_qubits": 4, "num_circuit": 4, "num_generation": 10, "current_generation": 1, "fitnessss": [[0.6666666666666666, 0.6966666666666667, 0.69, 0.6966666666666667]], "best_fitnesss": [0.6966666666666667], "prob_mutate": 0.01, "num_cnot": 5, "depth": 5, "num_rx": 1, "num_ry": 2, "num_rz": 1}