{"num_qubits": 5, "num_circuit": 4, "num_generation": 10, "current_generation": 1, "fitnessss": [[0.7083333333333334, 0.9166666666666666, 0.8333333333333334, 1.0]], "best_fitnesss": [1.0], "prob_mutate": 0.01, "num_cnot": 6, "depth": 5, "num_rx": 5, "num_ry": 0, "num_rz": 0}